Id;Cognome;Nome;Sesso
1;Casadio;Davide;M
2;Guardigli;Stefano;M
3;Iasi;Anna;F
4;Casadio;Alessandra;F
5;Vitali;Lucia;F
6;Curella;Maria Cristina;F
8;Cassadio;Roberta;F
9;Mazzotti;Giulia;F
10;Tundo;Antonella;F
11;Zamuner;Christian;M
12;Venturi;Luca;M
13;Tundo;Antonio;M
14;Mercati;Damiano;M
15;Volpe;Giuseppe;M
16;Morigi;Marco;M
17;Emiliani;Elena;F
18;Bendi;Christian;M
19;Belletti;Andrea;M
20;Gambetti;Valerio;M
21;Bovo;Gianluigi;M
22;Lando;Tommaso;M
23;Schiavon;Andrea;M
24;Moroni;Cristian;M
25;Gatti;Claudio;M
26;Battaglia;Enzo;M
27;Bustacchini;Mattia;M
28;Bombardi;Fabio;M
29;Baldas;Gianni;M
30;Gurioli;Andrea;M
31;Venturelli;Fabio;M
32;Lombardi;Davide;M
33;Covati;Margherita;F
34;Perilli;Mattia;M
35;Muscella;Irene;F
36;Magnani;Marco;M
37;Bonora;Luca;M
38;Bandini;Roberto;M
39;Melandri;Magda;M
40;Stufano;Savino;M
41;Siboni;Davide;M
42;Gasperoni;Massimo;M
43;Severino;Gabriele;M
44;Conti;Marco;M
45;Gaddoni;Marina;F
46;Colombo;Natalino;M
47;Cesare;Cesare;M
48;De Gioanni;Gioanni ;M
49;Zannoni;Nicola;M
50;Bissi;Fabrizio;M
51;Valentini;Matteo;M
52;Caccia;Andrea;M
53;Di Lembo;Marida;F
54;Vestergaard;Lotte;F
55;Walton;Adam;M
56;Foschini;Romano;M
57;Bassi;Michele;M
58;Branzanti;Danilo;M
59;Ronco;Luigino;M
60;Atzeni;Daniela;F
61;Tampieri;Mirko;M
62;Valzania;Michele;M
63;Valzania;Luca;M
64;Dozza;Roberto;M
65;Passerini;Sabina;F
66;Govoni;Alessandro;M
67;Labbozzetta;Giuseppe;M
68;Rossi;Elena;F
69;Mazzoli;Elisa;F
70;Bottega;Alessandro;M
71;Veltro;Elisa;F
72;Morigi;Massimiliano;M
73;Piani;Edoardo;M
74;Gentili;Laura;F
75;Ricci;Maurizio;M
76;Bustacchini;Marco Kalid ;M
